{"cameraMode":{"drawMode":0,"name":"Shaded","section":"Shading Mode"},"sceneLighting":true,"audioPlay":false,"sceneViewState":{"showFog":true,"showMaterialUpdate":true,"showSkybox":true,"showFlares":true,"showImageEffects":true,"showParticleSystems":true},"in2DMode":false,"pivot":{"x":1.1621782779693604,"y":-2.2464945316314699,"z":0.0518372468650341},"rotation":{"x":-0.10161720216274262,"y":0.1947694569826126,"z":-0.02029169723391533,"w":-0.9753599762916565},"size":15.250151634216309,"orthographic":false}