{"cameraMode":{"drawMode":0,"name":"Shaded","section":"Shading Mode"},"sceneLighting":true,"audioPlay":false,"sceneViewState":{"showFog":false,"showMaterialUpdate":false,"showSkybox":false,"showFlares":false,"showImageEffects":false,"showParticleSystems":false},"in2DMode":false,"pivot":{"x":-1.0038092136383057,"y":3.7150166034698488,"z":0.6432896852493286},"rotation":{"x":-0.011666030623018742,"y":0.5350246429443359,"z":-0.007388948928564787,"w":-0.8447235822677612},"size":14.971363067626954,"orthographic":false}